ean,nombre,precio,descuento,imagen_link
7707368980311,,NoneNone,,
7707368980328,,NoneNone,,
7707368980335,,NoneNone,,
7707368980434,,NoneNone,,
7707369041561,,NoneNone,,
7707369043510,,NoneNone,,
7707369046498,,NoneNone,,
7707369710016,,NoneNone,,
7707369710023,,NoneNone,,
7707369710054,,NoneNone,,
7707369710061,,NoneNone,,
7707369710078,,NoneNone,,
7707369840102,,NoneNone,,
7707369981041,,NoneNone,,
7707369981119,,NoneNone,,
7707369981126,,NoneNone,,
7707369981249,,NoneNone,,
7707369981300,,NoneNone,,
7707369981317,,NoneNone,,
7707369982215,,NoneNone,,
7707369983021,,NoneNone,,
7707369985018,,NoneNone,,
7707369985025,,NoneNone,,
7707369985063,,NoneNone,,
7707369985094,,NoneNone,,
7707369985117,,NoneNone,,
7707369985124,,NoneNone,,
7707369985131,,NoneNone,,
7707369985155,,NoneNone,,
7707369985162,,NoneNone,,
7707369985339,,NoneNone,,
7707369986107,,NoneNone,,
7707369986145,,NoneNone,,
7707369986268,,NoneNone,,
7707370050071,,NoneNone,,
7707370050088,,NoneNone,,
7707370050101,,NoneNone,,
7707370390016,,NoneNone,,
7707370390023,,NoneNone,,
7707370390047,,NoneNone,,
7707370390054,,NoneNone,,
7707370410059,,NoneNone,,
7707370410103,,NoneNone,,
7707370410110,,NoneNone,,
7707370410127,,NoneNone,,
7707370410257,,NoneNone,,
7707371670223,,NoneNone,,
7707371670261,,NoneNone,,
7707371670285,,NoneNone,,
7707371670674,,NoneNone,,
7707371671244,,NoneNone,,
7707371671343,,NoneNone,,
7707371671350,,NoneNone,,
7707371671398,,NoneNone,,
7707371671435,,NoneNone,,
7707371672067,,NoneNone,,
7707371672074,,NoneNone,,
7707372800025,,NoneNone,,
7707373020033,,NoneNone,,
7707373020163,,NoneNone,,
7707373020323,,NoneNone,,
7707373020538,,NoneNone,,
7707373030056,,NoneNone,,
7707373030186,,NoneNone,,
7707373030728,,NoneNone,,
7707373040017,,NoneNone,,
7707373088026,,NoneNone,,
7707373480080,,NoneNone,,
7707373977665,,NoneNone,,
7707375513045,,NoneNone,,
7707377661331,,NoneNone,,
7707377665063,,NoneNone,,
7707377666893,,NoneNone,,
7707377667159,,NoneNone,,
7707377668033,,NoneNone,,
7707377669320,,NoneNone,,
7707412814302,,NoneNone,,
7707412819819,,NoneNone,,
7707424947654,,NoneNone,,
7707426153844,,NoneNone,,
7707426153854,,NoneNone,,
7707426153862,,NoneNone,,
7707426153874,,NoneNone,,
7707426910137,,NoneNone,,
7707426910199,,NoneNone,,
7707426910212,,NoneNone,,
7707426910229,,NoneNone,,
7707426911783,,NoneNone,,
7707426911868,,NoneNone,,
7707426912193,,NoneNone,,
7707426912230,,NoneNone,,
7707426912285,,NoneNone,,
7707426912292,,NoneNone,,
7707426912308,,NoneNone,,
7707426912315,,NoneNone,,
7707426912322,,NoneNone,,
7707426913312,,NoneNone,,
7707426913350,,NoneNone,,
7707426913701,,NoneNone,,
7707426914173,,NoneNone,,
7707426914180,,NoneNone,,
7707426914197,,NoneNone,,
7707426914203,,NoneNone,,
7707426914210,,NoneNone,,
7707426914227,,NoneNone,,
7707426914234,,NoneNone,,
7707426914296,,NoneNone,,
7707426914302,,NoneNone,,
7707426914326,,NoneNone,,
7707426914333,,NoneNone,,
7707426914340,,NoneNone,,
7707426914357,,NoneNone,,
7707426914364,,NoneNone,,
7707426914371,,NoneNone,,
7707426914388,,NoneNone,,
7707426914395,,NoneNone,,
7707426914418,,NoneNone,,
7707426914425,,NoneNone,,
7707426914432,,NoneNone,,
7707426914449,,NoneNone,,
7707426914562,,NoneNone,,
7707426915804,,NoneNone,,
7707426916153,,NoneNone,,
7707426916177,,NoneNone,,
7707426917129,,NoneNone,,
7707426917143,,NoneNone,,
7707426917150,,NoneNone,,
7707426917174,,NoneNone,,
7707426917181,,NoneNone,,
7707426917198,,NoneNone,,
7707426917204,,NoneNone,,
7707426917419,,NoneNone,,
7707426917433,,NoneNone,,
7707426917440,,NoneNone,,
7707426917457,,NoneNone,,
7707426918089,,NoneNone,,
7707426918676,,NoneNone,,
7707426918942,,NoneNone,,
7707426918959,,NoneNone,,
7707426918966,,NoneNone,,
7707426918973,,NoneNone,,
7707426918980,,NoneNone,,
7707426918997,,NoneNone,,
7707426919000,,NoneNone,,
7707426919079,,NoneNone,,
7707426919116,,NoneNone,,
7707426919123,,NoneNone,,
7707426919130,,NoneNone,,
7707448971345,,NoneNone,,
7707448977453,,NoneNone,,
7707469840095,,NoneNone,,
7707535627513,,NoneNone,,
7707545944525,,NoneNone,,
7707545945805,,NoneNone,,
7707549371037,,NoneNone,,
7707549371082,,NoneNone,,
7707549371242,,NoneNone,,
7707549371273,,NoneNone,,
7707564894283,,NoneNone,,
7707613050882,,NoneNone,,
7707613051438,,NoneNone,,
7707613053784,,NoneNone,,
7707613055702,,NoneNone,,
7707613900453,,NoneNone,,
7707613900606,,NoneNone,,
7707613900842,,NoneNone,,
7707613901580,,NoneNone,,
7707613903850,,NoneNone,,
7707613904871,,NoneNone,,
7707613906851,,NoneNone,,
7707613909845,,NoneNone,,
7707614520315,,NoneNone,,
7707632260484,,NoneNone,,
7707632261443,,NoneNone,,
7707632262266,,NoneNone,,
7707632262334,,NoneNone,,
7707632262396,,NoneNone,,
7707632262556,,NoneNone,,
7707632262747,,NoneNone,,
7707632262877,,NoneNone,,
7707632263386,,NoneNone,,
7707632264826,,NoneNone,,
7707632264895,,NoneNone,,
7707632265403,,NoneNone,,
7707632265687,,NoneNone,,
7707632266073,,NoneNone,,
7707632266219,,NoneNone,,
7707632266776,,NoneNone,,
7707632267100,,NoneNone,,
7707632267964,,NoneNone,,
7707632268183,,NoneNone,,
7707632268442,,NoneNone,,
7707632269661,,NoneNone,,
7707632269968,,NoneNone,,
7707654270232,,NoneNone,,
7707654276821,,NoneNone,,
7707668550337,,NoneNone,,
7707668559866,,NoneNone,,
7707710220034,,NoneNone,,
7707710221031,,NoneNone,,
7707710221642,,NoneNone,,
7707710222014,,NoneNone,,
7707710225015,,NoneNone,,
7707710225541,,NoneNone,,
7707710225558,,NoneNone,,
7707710225619,,NoneNone,,
7707710226838,,NoneNone,,
7707731969221,,NoneNone,,
7707733971159,,NoneNone,,
7707736895018,,NoneNone,,
7707736895032,,NoneNone,,
7707736895421,,NoneNone,,
7707738871010,,NoneNone,,
7707741290518,,NoneNone,,
7707741296541,,NoneNone,,
7707741297241,,NoneNone,,
7707748523688,,NoneNone,,
7707767145922,,NoneNone,,
7707767147520,,NoneNone,,
7707787320316,,NoneNone,,
7707799413037,,NoneNone,,
7707839182275,,NoneNone,,
7707855211591,,NoneNone,,
7707855211911,,NoneNone,,
7707855213847,,NoneNone,,
7707855213984,,NoneNone,,
7707855214882,,NoneNone,,
7707855216145,,NoneNone,,
7707855216572,,NoneNone,,
7707855217463,,NoneNone,,
7707855217494,,NoneNone,,
7707855219702,,NoneNone,,
7707855219818,,NoneNone,,
7707855871948,,NoneNone,,
7707855873973,,NoneNone,,
7707855874796,,NoneNone,,
7707855875038,,NoneNone,,
7707855876424,,NoneNone,,
7707855878497,,NoneNone,,
7707855879579,,NoneNone,,
7707860020317,,NoneNone,,
7707860020348,,NoneNone,,
7707860021123,,NoneNone,,
7707860021178,,NoneNone,,
7707860022847,,NoneNone,,
7707860023400,,NoneNone,,
7707860024254,,NoneNone,,
7707860024490,,NoneNone,,
7707860025916,,NoneNone,,
7707860025978,,NoneNone,,
7707860026111,,NoneNone,,
7707860026234,,NoneNone,,
7707860026739,,NoneNone,,
7707860027118,,NoneNone,,
7707860027231,,NoneNone,,
7707860028023,,NoneNone,,
7707860028603,,NoneNone,,
7707860028665,,NoneNone,,
7707860028924,,NoneNone,,
7707860029037,,NoneNone,,
7707897172775,,NoneNone,,
7707897172867,,NoneNone,,
7707897176407,,NoneNone,,
7707897179996,,NoneNone,,
7707898693019,,NoneNone,,
7707921311071,,NoneNone,,
7707921313334,,NoneNone,,
7707921321322,,NoneNone,,
7707921331000,,NoneNone,,
7707921331017,,NoneNone,,
7707921331031,,NoneNone,,
7707921332014,,NoneNone,,
7707921332137,,NoneNone,,
7707921332212,,NoneNone,,
7707921339877,,NoneNone,,
7707921401031,,NoneNone,,
7707921401055,,NoneNone,,
7707921401062,,NoneNone,,
7707921401079,,NoneNone,,
7707922686536,,NoneNone,,
7707924546470,,NoneNone,,
7707952089222,,NoneNone,,
7708092371048,,NoneNone,,
7708092371147,,NoneNone,,
7708092371338,,NoneNone,,
7708092371765,,NoneNone,,
7708092371871,,NoneNone,,
7708139909043,,NoneNone,,
7708139909500,,NoneNone,,
7708153154078,,NoneNone,,
7708153154221,,NoneNone,,
7708153154269,,NoneNone,,
7708153154306,,NoneNone,,
7708153154368,,NoneNone,,
7708153154412,,NoneNone,,
7708153154467,,NoneNone,,
7708153154535,,NoneNone,,
7708153154597,,NoneNone,,
7708153154627,,NoneNone,,
7708153154726,,NoneNone,,
7708153154733,,NoneNone,,
7708153154795,,NoneNone,,
7708153154856,,NoneNone,,
7708153154931,,NoneNone,,
7708153154962,,NoneNone,,
7708153154993,,NoneNone,,
7708200355625,,NoneNone,,
7708204366009,,NoneNone,,
7708204366030,,NoneNone,,
7708204366092,,NoneNone,,
7708204366276,,NoneNone,,
7708204366283,,NoneNone,,
7708204366306,,NoneNone,,
7708204366313,,NoneNone,,
7708204366504,,NoneNone,,
7708204366603,,NoneNone,,
7708204366665,,NoneNone,,
7708204366733,,NoneNone,,
7708204366917,,NoneNone,,
7708204366924,,NoneNone,,
7708263803590,,NoneNone,,
7708267515017,,NoneNone,,
7708267515055,,NoneNone,,
7708267515154,,NoneNone,,
7708267515178,,NoneNone,,
7708267515307,,NoneNone,,
7708267515314,,NoneNone,,
7708267515321,,NoneNone,,
7708267515352,,NoneNone,,
7708267515383,,NoneNone,,
7708267515413,,NoneNone,,
7708267515437,,NoneNone,,
7708267515512,,NoneNone,,
7708267515536,,NoneNone,,
7708267515604,,NoneNone,,
7708267515628,,NoneNone,,
7708267515635,,NoneNone,,
7708267515758,,NoneNone,,
7708267515765,,NoneNone,,
7708267515857,,NoneNone,,
7708267515864,,NoneNone,,
7708267515871,,NoneNone,,
7708267515925,,NoneNone,,
7708304267961,,NoneNone,,
7708304268067,,NoneNone,,
7708304411395,,NoneNone,,
7708304411425,,NoneNone,,
7708304413573,,NoneNone,,
7708304467262,,NoneNone,,
7708304467323,,NoneNone,,
7708304467378,,NoneNone,,
7708304467804,,NoneNone,,
7708304467941,,NoneNone,,
7708304468252,,NoneNone,,
7708304468290,,NoneNone,,
7708304468344,,NoneNone,,
7708304468368,,NoneNone,,
7708304468443,,NoneNone,,
7708304468634,,NoneNone,,
7708304468887,,NoneNone,,
7708304468894,,NoneNone,,
7708304469020,,NoneNone,,
7708304469068,,NoneNone,,
7708304469082,,NoneNone,,
7708304469532,,NoneNone,,
7708304469891,,NoneNone,,
7708304470132,,NoneNone,,
7708304470156,,NoneNone,,
7708304470163,,NoneNone,,
7708304471252,,NoneNone,,
7708304471269,,NoneNone,,
7708304471283,,NoneNone,,
7708304471306,,NoneNone,,
7708304473003,,NoneNone,,
7708304473256,,NoneNone,,
7708310629272,,NoneNone,,
7708320718010,,NoneNone,,
7708320718317,,NoneNone,,
7708320718331,,NoneNone,,
7708320718348,,NoneNone,,
7708320718454,,NoneNone,,
7708320718492,,NoneNone,,
7708320718645,,NoneNone,,
7708320718652,,NoneNone,,
7708345181189,,NoneNone,,
7708345181455,,NoneNone,,
7708345181936,,NoneNone,,
7708345181974,,NoneNone,,
7708350073097,,NoneNone,,
7708350073325,,NoneNone,,
7708350073677,,NoneNone,,
7708350073776,,NoneNone,,
7708350073882,,NoneNone,,
7708359778030,,NoneNone,,
7708359778054,,NoneNone,,
7708359778108,,NoneNone,,
7708416000005,,NoneNone,,
7708416000029,,NoneNone,,
7708416000265,,NoneNone,,
7708416000289,,NoneNone,,
7708416000302,,NoneNone,,
7708416000449,,NoneNone,,
7708416000487,,NoneNone,,
7708416000647,,NoneNone,,
7708416000777,,NoneNone,,
7708431701819,,NoneNone,,
7708489378032,,NoneNone,,
7708489378063,,NoneNone,,
7708489378087,,NoneNone,,
7708489378100,,NoneNone,,
7708489378124,,NoneNone,,
7708489378148,,NoneNone,,
7708489378179,,NoneNone,,
7708489378216,,NoneNone,,
7708489378247,,NoneNone,,
7708489378254,,NoneNone,,
7708489378339,,NoneNone,,
7708489378377,,NoneNone,,
7708489378384,,NoneNone,,
7708489378414,,NoneNone,,
7708489378438,,NoneNone,,
7708489378445,,NoneNone,,
7708489378452,,NoneNone,,
7708489378513,,NoneNone,,
7708489378575,,NoneNone,,
7708489378599,,NoneNone,,
7708489378667,,NoneNone,,
7708489378674,,NoneNone,,
7708489378681,,NoneNone,,
7708489378704,,NoneNone,,
7708489378711,,NoneNone,,
7708489378735,,NoneNone,,
7708489378773,,NoneNone,,
7708489378780,,NoneNone,,
7708489378827,,NoneNone,,
7708489378902,,NoneNone,,
7708489378926,,NoneNone,,
7708489378957,,NoneNone,,
7708489378988,,NoneNone,,
7708507552352,,NoneNone,,
7708507552420,,NoneNone,,
7708507552666,,NoneNone,,
7708507552697,,NoneNone,,
7708574067223,,NoneNone,,
7708574067254,,NoneNone,,
7708574067285,,NoneNone,,
7708574067384,,NoneNone,,
7708582217412,,NoneNone,,
7708582217825,,NoneNone,,
7708582217931,,NoneNone,,
7708613680024,,NoneNone,,
7708613680079,,NoneNone,,
7708613680611,,NoneNone,,
7708613680765,,NoneNone,,
7708628634180,,NoneNone,,
7708628634692,,NoneNone,,
7708650679869,,NoneNone,,
7708696356038,,NoneNone,,
7708696356076,,NoneNone,,
7708696356083,,NoneNone,,
7708696356120,,NoneNone,,
7708696356137,,NoneNone,,
7708696356168,,NoneNone,,
7708696356175,,NoneNone,,
7708696356199,,NoneNone,,
7708696356212,,NoneNone,,
7708696356229,,NoneNone,,
7708696356274,,NoneNone,,
7708696356328,,NoneNone,,
7708696356335,,NoneNone,,
7708696356373,,NoneNone,,
7708696356410,,NoneNone,,
7708696356434,,NoneNone,,
7708696356458,,NoneNone,,
7708696356472,,NoneNone,,
7708696356519,,NoneNone,,
7708696356533,,NoneNone,,
7708696356557,,NoneNone,,
7708696356571,,NoneNone,,
7708696356687,,NoneNone,,
7708696356694,,NoneNone,,
7708696356830,,NoneNone,,
7708696356861,,NoneNone,,
7708696356878,,NoneNone,,
7708696356991,,NoneNone,,
7708725074438,,NoneNone,,
7708725074476,,NoneNone,,
7708725074728,,NoneNone,,
7708725074766,,NoneNone,,
7708781552123,,NoneNone,,
7708781552451,,NoneNone,,
7708827478394,,NoneNone,,
7708827478974,,NoneNone,,
7708896366127,,NoneNone,,
7708896366288,,NoneNone,,
7708900706253,,NoneNone,,
7708900994933,,NoneNone,,
7708902824238,,NoneNone,,
7708909934916,,NoneNone,,
7708911995432,,NoneNone,,
7708912212056,,NoneNone,,
7708912212087,,NoneNone,,
7708914985644,,NoneNone,,
7708916089029,,NoneNone,,
7708917501155,,NoneNone,,
7708917501186,,NoneNone,,
7708917501193,,NoneNone,,
7708917688955,,NoneNone,,
7708918781310,,NoneNone,,
7708918781341,,NoneNone,,
7708927261995,,NoneNone,,
7708931701913,,NoneNone,,
7708933129616,,NoneNone,,
7708933129630,,NoneNone,,
7708933129661,,NoneNone,,
7708933129678,,NoneNone,,
7708933129692,,NoneNone,,
7708934437055,,NoneNone,,
7708934545439,,NoneNone,,
7708941642862,,NoneNone,,
7708943346379,,NoneNone,,
7708947220859,,NoneNone,,
7708947220866,,NoneNone,,
7708947220873,,NoneNone,,
7708950678777,,NoneNone,,
7708950678784,,NoneNone,,
7708956798400,,NoneNone,,
7708956798417,,NoneNone,,
7708956798448,,NoneNone,,
7708956798462,,NoneNone,,
7708956798486,,NoneNone,,
7708956798493,,NoneNone,,
7708957705445,,NoneNone,,
7708957716205,,NoneNone,,
7708957716274,,NoneNone,,
7708961587259,,NoneNone,,
7708961587297,,NoneNone,,
7708964262443,,NoneNone,,
7708965631958,,NoneNone,,
7708977668201,,NoneNone,,
7708977668232,,NoneNone,,
7708977668256,,NoneNone,,
7708978593106,,NoneNone,,
7708978669375,,NoneNone,,
7708981527310,,NoneNone,,
7708981527334,,NoneNone,,
7708981527358,,NoneNone,,
7708981527365,,NoneNone,,
7708981527372,,NoneNone,,
7708981527396,,NoneNone,,
7708984105782,,NoneNone,,
7708984708785,,NoneNone,,
7708987159430,,NoneNone,,
7708987159447,,NoneNone,,
7708991045309,,NoneNone,,
7708991514232,,NoneNone,,
7708997395040,,NoneNone,,
7708997395064,,NoneNone,,
7709004030442,,NoneNone,,
7709004030473,,NoneNone,,
7709004180680,,NoneNone,,
7709004181052,,NoneNone,,
7709004181090,,NoneNone,,
7709004181908,,NoneNone,,
7709004181939,,NoneNone,,
7709004181953,,NoneNone,,
7709004927728,,NoneNone,,
7709004927780,,NoneNone,,
7709008113615,,NoneNone,,
7709008113677,,NoneNone,,
7709011244788,,NoneNone,,
7709011244795,,NoneNone,,
7709011611511,,NoneNone,,
7709011611535,,NoneNone,,
7709011611566,,NoneNone,,
7709011611597,,NoneNone,,
7709018357337,,NoneNone,,
7709018357351,,NoneNone,,
7709018357368,,NoneNone,,
7709018357399,,NoneNone,,
7709023922872,,NoneNone,,
7709025079659,,NoneNone,,
7709026202070,,NoneNone,,
7709027298720,,NoneNone,,
7709028610828,,NoneNone,,
7709029739337,,NoneNone,,
7709029867245,,NoneNone,,
7709029867283,,NoneNone,,
7709029924627,,NoneNone,,
7709029924634,,NoneNone,,
7709029924641,,NoneNone,,
7709029924658,,NoneNone,,
7709029924665,,NoneNone,,
7709029924672,,NoneNone,,
7709029924689,,NoneNone,,
7709029924696,,NoneNone,,
7709030154006,,NoneNone,,
7709030154044,,NoneNone,,
7709030154051,,NoneNone,,
7709031056125,,NoneNone,,
7709031056156,,NoneNone,,
7709032858919,,NoneNone,,
7709033109935,,NoneNone,,
7709033928307,,NoneNone,,
7709033928314,,NoneNone,,
7709033928345,,NoneNone,,
7709033928376,,NoneNone,,
7709036425148,,NoneNone,,
7709036425155,,NoneNone,,
7709036425179,,NoneNone,,
7709036425193,,NoneNone,,
7709041507839,,NoneNone,,
7709041507884,,NoneNone,,
7709045723136,,NoneNone,,
7709045782713,,NoneNone,,
7709045782720,,NoneNone,,
7709045782744,,NoneNone,,
7709045782775,,NoneNone,,
7709049656676,,NoneNone,,
7709053556054,,NoneNone,,
7709063849023,,NoneNone,,
7709066363359,,NoneNone,,
7709071014703,,NoneNone,,
7709071014727,,NoneNone,,
7709071014758,,NoneNone,,
7709071014772,,NoneNone,,
7709071689420,,NoneNone,,
7709074599207,,NoneNone,,
7709074649377,,NoneNone,,
7709074649384,,NoneNone,,
7709075451450,,NoneNone,,
7709075451467,,NoneNone,,
7709075451474,,NoneNone,,
7709081357326,,NoneNone,,
7709082738612,,NoneNone,,
7709084359402,,NoneNone,,
7709084359426,,NoneNone,,
7709085938446,,NoneNone,,
7709085938491,,NoneNone,,
7709087235208,,NoneNone,,
7709087235215,,NoneNone,,
7709087235222,,NoneNone,,
7709087235246,,NoneNone,,
7709087235260,,NoneNone,,
7709087235277,,NoneNone,,
7709090340210,,NoneNone,,
7709090340241,,NoneNone,,
7709090531908,,NoneNone,,
7709090531977,,NoneNone,,
7709090716459,,NoneNone,,
7709091888520,,NoneNone,,
7709091888537,,NoneNone,,
7709091888568,,NoneNone,,
7709091888575,,NoneNone,,
7709091888582,,NoneNone,,
7709093558575,,NoneNone,,
7709095199653,,NoneNone,,
7709095700903,,NoneNone,,
7709095700941,,NoneNone,,
7709095700965,,NoneNone,,
7709096638304,,NoneNone,,
7709096638373,,NoneNone,,
7709096638397,,NoneNone,,
7709098879804,,NoneNone,,
7709098879828,,NoneNone,,
7709098879880,,NoneNone,,
7709099993462,,NoneNone,,
7709100485542,,NoneNone,,
7709100485597,,NoneNone,,
7709103676916,,NoneNone,,
7709103676930,,NoneNone,,
7709103676961,,NoneNone,,
7709109935833,,NoneNone,,
7709111005951,,NoneNone,,
7709111005968,,NoneNone,,
7709111016124,,NoneNone,,
7709111046015,,NoneNone,,
7709111056014,,NoneNone,,
7709111066013,,NoneNone,,
7709111076012,,NoneNone,,
7709114215012,,NoneNone,,
7709114215036,,NoneNone,,
7709114215081,,NoneNone,,
7709114588109,,NoneNone,,
7709114588192,,NoneNone,,
7709124683139,,NoneNone,,
7709124683146,,NoneNone,,
7709126170521,,NoneNone,,
7709126248206,,NoneNone,,
7709126671264,,NoneNone,,
7709129394344,,NoneNone,,
7709134101319,,NoneNone,,
7709134101333,,NoneNone,,
7709134101340,,NoneNone,,
7709134101371,,NoneNone,,
7709134101395,,NoneNone,,
7709134320420,,NoneNone,,
7709134990913,,NoneNone,,
7709134990920,,NoneNone,,
7709135594103,,NoneNone,,
7709135594141,,NoneNone,,
7709135594165,,NoneNone,,
7709136887266,,NoneNone,,
7709139359630,,NoneNone,,
7709139837466,,NoneNone,,
7709139854029,,NoneNone,,
7709139854098,,NoneNone,,
7709141196827,,NoneNone,,
7709141196865,,NoneNone,,
7709144315126,,NoneNone,,
7709144315157,,NoneNone,,
7709144315164,,NoneNone,,
7709147308408,,NoneNone,,
7709147308453,,NoneNone,,
7709149527029,,NoneNone,,
7709149527036,,NoneNone,,
7709149527074,,NoneNone,,
7709149527081,,NoneNone,,
7709149527098,,NoneNone,,
7709154157228,,NoneNone,,
7709154157235,,NoneNone,,
7709154157266,,NoneNone,,
7709156268199,,NoneNone,,
7709157065735,,NoneNone,,
7709162654214,,NoneNone,,
7709163602900,,NoneNone,,
7709163602917,,NoneNone,,
7709163602924,,NoneNone,,
7709163602931,,NoneNone,,
7709163602986,,NoneNone,,
7709163602993,,NoneNone,,
7709168572239,,NoneNone,,
7709168572253,,NoneNone,,
7709168572260,,NoneNone,,
7709171961150,,NoneNone,,
7709174150094,,NoneNone,,
7709180765985,,NoneNone,,
7709180765992,,NoneNone,,
7709181387261,,NoneNone,,
7709181387285,,NoneNone,,
7709181387292,,NoneNone,,
7709182908403,,NoneNone,,
7709184761969,,NoneNone,,
7709186778934,,NoneNone,,
7709188218209,,NoneNone,,
7709188218216,,NoneNone,,
7709188218223,,NoneNone,,
7709188218230,,NoneNone,,
7709188218254,,NoneNone,,
7709188218261,,NoneNone,,
7709188218278,,NoneNone,,
7709188218285,,NoneNone,,
7709188218292,,NoneNone,,
7709189023093,,NoneNone,,
7709189023109,,NoneNone,,
7709189059474,,NoneNone,,
7709195077226,,NoneNone,,
7709199231020,,NoneNone,,
7709205913544,,NoneNone,,
7709208238217,,NoneNone,,
7709208238279,,NoneNone,,
7709211631272,,NoneNone,,
7709213682111,,NoneNone,,
7709214170198,,NoneNone,,
7709219592247,,NoneNone,,
7709229964409,,NoneNone,,
7709233764675,,NoneNone,,
7709235416947,,NoneNone,,
7709237598597,,NoneNone,,
7709237916155,,NoneNone,,
7709237916162,,NoneNone,,
7709242062731,,NoneNone,,
7709244767825,,NoneNone,,
7709244767870,,NoneNone,,
7709248305993,,NoneNone,,
7709252776833,,NoneNone,,
7709253172115,,NoneNone,,
7709253172122,,NoneNone,,
7709253172139,,NoneNone,,
7709253172146,,NoneNone,,
7709253172153,,NoneNone,,
7709253172160,,NoneNone,,
7709253172177,,NoneNone,,
7709253172184,,NoneNone,,
7709253172191,,NoneNone,,
7709253252220,,NoneNone,,
7709254747367,,NoneNone,,
7709255060632,,NoneNone,,
7709258362573,,NoneNone,,
7709258386906,,NoneNone,,
7709258386937,,NoneNone,,
7709258386951,,NoneNone,,
7709258386999,,NoneNone,,
7709258573238,,NoneNone,,
7709258573276,,NoneNone,,
7709261252021,,NoneNone,,
7709261539719,,NoneNone,,
7709261928247,,NoneNone,,
7709262774164,,NoneNone,,
7709262774171,,NoneNone,,
7709264926806,,NoneNone,,
7709264926875,,NoneNone,,
7709267562025,,NoneNone,,
7709267562032,,NoneNone,,
7709269168713,,NoneNone,,
7709273624366,,NoneNone,,
7709274860114,,NoneNone,,
7709274860145,,NoneNone,,
7709274860190,,NoneNone,,
7709275976777,,NoneNone,,
7709279901683,,NoneNone,,
7709280061451,,NoneNone,,
7709280061482,,NoneNone,,
7709280237207,,NoneNone,,
7709280237276,,NoneNone,,
7709280988703,,NoneNone,,
7709280988710,,NoneNone,,
7709280988727,,NoneNone,,
7709280988734,,NoneNone,,
7709280988758,,NoneNone,,
7709280988772,,NoneNone,,
7709280988796,,NoneNone,,
7709281642703,,NoneNone,,
7709281642727,,NoneNone,,
7709281642765,,NoneNone,,
7709282067215,,NoneNone,,
7709282067246,,NoneNone,,
7709282067253,,NoneNone,,
7709282621851,,NoneNone,,
7709282621882,,NoneNone,,
7709284044801,,NoneNone,,
7709287925671,,NoneNone,,
7709288061156,,NoneNone,,
7709288385412,,NoneNone,,
7709288385467,,NoneNone,,
7709290724803,,NoneNone,,
7709290724858,,NoneNone,,
7709290724872,,NoneNone,,
7709290724889,,NoneNone,,
7709290819110,,NoneNone,,
7709290819134,,NoneNone,,
7709290819172,,NoneNone,,
7709292612818,,NoneNone,,
7709297564648,,NoneNone,,
7709300663726,,NoneNone,,
7709306781264,,NoneNone,,
7709313823018,,NoneNone,,
7709313823049,,NoneNone,,
7709318620544,,NoneNone,,
7709320989950,,NoneNone,,
7709326271271,,NoneNone,,
7709327285017,,NoneNone,,
7709327285031,,NoneNone,,
7709335291352,,NoneNone,,
7709336736869,,NoneNone,,
7709338300662,,NoneNone,,
7709342033716,,NoneNone,,
7709343822647,,NoneNone,,
7709345725786,,NoneNone,,
7709349713949,,NoneNone,,
7709349713956,,NoneNone,,
7709349713963,,NoneNone,,
7709349713970,,NoneNone,,
7709349713987,,NoneNone,,
7709351818083,,NoneNone,,
7709352073726,,NoneNone,,
7709352073733,,NoneNone,,
7709352073764,,NoneNone,,
7709352073771,,NoneNone,,
7709352073788,,NoneNone,,
7709353679972,,NoneNone,,
7709353679996,,NoneNone,,
7709360276966,,NoneNone,,
7709360276997,,NoneNone,,
7709360286545,,NoneNone,,
7709360286576,,NoneNone,,
7709362887719,,NoneNone,,
7709362887757,,NoneNone,,
7709362887795,,NoneNone,,
7709370185913,,NoneNone,,
7709370185920,,NoneNone,,
7709370185982,,NoneNone,,
7709371361514,,NoneNone,,
7709371361521,,NoneNone,,
7709371361545,,NoneNone,,
7709371361569,,NoneNone,,
7709372492903,,NoneNone,,
7709372492910,,NoneNone,,
7709372492927,,NoneNone,,
7709372492934,,NoneNone,,
7709372492941,,NoneNone,,
7709372492958,,NoneNone,,
7709372492989,,NoneNone,,
7709376979844,,NoneNone,,
7709376979868,,NoneNone,,
7709376979899,,NoneNone,,
7709377869557,,NoneNone,,
7709377869564,,NoneNone,,
7709377869595,,NoneNone,,
7709382146018,,NoneNone,,
7709382146031,,NoneNone,,
7709382146049,,NoneNone,,
7709382146056,,NoneNone,,
7709386442635,,NoneNone,,
7709387603493,,NoneNone,,
7709392539602,,NoneNone,,
7709392539619,,NoneNone,,
7709392539626,,NoneNone,,
7709392539640,,NoneNone,,
7709392539657,,NoneNone,,
7709392539664,,NoneNone,,
7709392539688,,NoneNone,,
7709394607934,,NoneNone,,
7709394607965,,NoneNone,,
7709394607972,,NoneNone,,
7709396893588,,NoneNone,,
7709397662909,,NoneNone,,
7709397662923,,NoneNone,,
7709397662930,,NoneNone,,
7709397662954,,NoneNone,,
7709400302761,,NoneNone,,
7709403673196,,NoneNone,,
7709403882000,,NoneNone,,
7709408066214,,NoneNone,,
7709408066221,,NoneNone,,
7709410058108,,NoneNone,,
7709410058139,,NoneNone,,
7709410058160,,NoneNone,,
7709412337041,,NoneNone,,
7709412827986,,NoneNone,,
7709416047045,,NoneNone,,
7709416613516,,NoneNone,,
7709416613523,,NoneNone,,
7709416843128,,NoneNone,,
7709416843173,,NoneNone,,
7709416843180,,NoneNone,,
7709418803090,,NoneNone,,
7709429041504,,NoneNone,,
7709435439135,,NoneNone,,
7709435439159,,NoneNone,,
7709435439173,,NoneNone,,
7709435439180,,NoneNone,,
7709437382811,,NoneNone,,
7709438736149,,NoneNone,,
7709440363692,,NoneNone,,
7709440956078,,NoneNone,,
7709440956085,,NoneNone,,
7709440956092,,NoneNone,,
7709440956108,,NoneNone,,
7709440956542,,NoneNone,,
7709440956559,,NoneNone,,
7709440956566,,NoneNone,,
7709440956573,,NoneNone,,
7709440956597,,NoneNone,,
7709441095677,,NoneNone,,
7709441095684,,NoneNone,,
7709445248338,,NoneNone,,
7709446034367,,NoneNone,,
7709447496775,,NoneNone,,
7709448686328,,NoneNone,,
7709452284305,,NoneNone,,
7709452284312,,NoneNone,,
7709452284329,,NoneNone,,
7709452284336,,NoneNone,,
7709452284350,,NoneNone,,
7709452284367,,NoneNone,,
7709452284374,,NoneNone,,
7709452284381,,NoneNone,,
7709454232199,,NoneNone,,
7709468035281,,NoneNone,,
7709468375004,,NoneNone,,
7709468375011,,NoneNone,,
7709468375028,,NoneNone,,
7709468375042,,NoneNone,,
7709468375073,,NoneNone,,
7709468375097,,NoneNone,,
7709469244361,,NoneNone,,
7709469444419,,NoneNone,,
7709469444440,,NoneNone,,
7709469444471,,NoneNone,,
7709469444488,,NoneNone,,
7709469840211,,NoneNone,,
7709469840235,,NoneNone,,
7709469840242,,NoneNone,,
7709469840280,,NoneNone,,
7709470147934,,NoneNone,,
7709475319459,,NoneNone,,
7709477024832,,NoneNone,,
7709477024849,,NoneNone,,
7709480252222,,NoneNone,,
7709480252260,,NoneNone,,
7709480252277,,NoneNone,,
7709480252284,,NoneNone,,
7709480252291,,NoneNone,,
7709480786017,,NoneNone,,
7709480786031,,NoneNone,,
7709480786086,,NoneNone,,
7709480786093,,NoneNone,,
7709485875082,,NoneNone,,
7709487645607,,NoneNone,,
7709487645621,,NoneNone,,
7709487645638,,NoneNone,,
7709487645645,,NoneNone,,
7709487645652,,NoneNone,,
7709487645669,,NoneNone,,
7709487645676,,NoneNone,,
7709487645683,,NoneNone,,
7709487645690,,NoneNone,,
7709490684624,,NoneNone,,
7709498775553,,NoneNone,,
7709498775591,,NoneNone,,
7709504705505,,NoneNone,,
7709504705529,,NoneNone,,
7709509100251,,NoneNone,,
7709509885813,,NoneNone,,
7709509885837,,NoneNone,,
7709509885844,,NoneNone,,
7709511634317,,NoneNone,,
7709511634324,,NoneNone,,
7709511634331,,NoneNone,,
7709511634362,,NoneNone,,
7709511634393,,NoneNone,,
7709517345507,,NoneNone,,
7709517345552,,NoneNone,,
7709518335231,,NoneNone,,
7709518335262,,NoneNone,,
7709518335293,,NoneNone,,
7709522643834,,NoneNone,,
7709523354449,,NoneNone,,
7709523354470,,NoneNone,,
7709523925540,,NoneNone,,
7709527866016,,NoneNone,,
7709527866030,,NoneNone,,
7709527866047,,NoneNone,,
7709528615996,,NoneNone,,
7709528826552,,NoneNone,,
7709531258265,,NoneNone,,
7709541775127,,NoneNone,,
7709541775165,,NoneNone,,
7709541775189,,NoneNone,,
7709541775196,,NoneNone,,
7709544628956,,NoneNone,,
7709546639691,,NoneNone,,
7709554245402,,NoneNone,,
7709554245457,,NoneNone,,
7709564805863,,NoneNone,,
7709564805887,,NoneNone,,
7709569092336,,NoneNone,,
7709573384236,,NoneNone,,
7709573384267,,NoneNone,,
7709581601912,,NoneNone,,
7709581601974,,NoneNone,,
7709582060350,,NoneNone,,
7709583296529,,NoneNone,,
7709583296567,,NoneNone,,
7709588734125,,NoneNone,,
7709591584847,,NoneNone,,
7709596000212,,NoneNone,,
7709596000229,,NoneNone,,
7709596000243,,NoneNone,,
7709596000274,,NoneNone,,
7709596000298,,NoneNone,,
7709598113408,,NoneNone,,
7709598113477,,NoneNone,,
7709598571864,,NoneNone,,
7709599616571,,NoneNone,,
7709601926988,,NoneNone,,
7709606123443,,NoneNone,,
7709606194122,,NoneNone,,
7709609516914,,NoneNone,,
7709611931866,,NoneNone,,
7709612711016,,NoneNone,,
7709612711061,,NoneNone,,
7709621120908,,NoneNone,,
7709621120915,,NoneNone,,
7709621120939,,NoneNone,,
7709621120946,,NoneNone,,
7709621120953,,NoneNone,,
7709621120984,,NoneNone,,
7709621764881,,NoneNone,,
7709621916501,,NoneNone,,
7709621916532,,NoneNone,,
7709624038828,,NoneNone,,
7709626288511,,NoneNone,,
7709626288528,,NoneNone,,
7709627330455,,NoneNone,,
7709629256692,,NoneNone,,
7709631460834,,NoneNone,,
7709636632250,,NoneNone,,
7709642820016,,NoneNone,,
7709642820030,,NoneNone,,
7709642820054,,NoneNone,,
7709642820085,,NoneNone,,
7709643603304,,NoneNone,,
7709643603366,,NoneNone,,
7709644860119,,NoneNone,,
7709645110442,,NoneNone,,
7709648200683,,NoneNone,,
7709652041371,,NoneNone,,
7709652296801,,NoneNone,,
7709655663525,,NoneNone,,
7709655663532,,NoneNone,,
7709655663556,,NoneNone,,
7709655663563,,NoneNone,,
7709655663570,,NoneNone,,
7709655663587,,NoneNone,,
7709660044777,,NoneNone,,
7709660119468,,NoneNone,,
7709660377776,,NoneNone,,
7709660926141,,NoneNone,,
7709660926165,,NoneNone,,
7709665181538,,NoneNone,,
7709667526306,,NoneNone,,
7709667526368,,NoneNone,,
7709667526375,,NoneNone,,
7709670538723,,NoneNone,,
7709670538761,,NoneNone,,
7709672509417,,NoneNone,,
7709674498702,,NoneNone,,
7709675592355,,NoneNone,,
7709676635389,,NoneNone,,
7709678851121,,NoneNone,,
7709678851510,,NoneNone,,
7709678851541,,NoneNone,,
7709678851558,,NoneNone,,
7709678851589,,NoneNone,,
7709678851596,,NoneNone,,
7709678851640,,NoneNone,,
7709678851770,,NoneNone,,
7709678851787,,NoneNone,,
7709678851817,,NoneNone,,
7709680731237,,NoneNone,,
7709680731268,,NoneNone,,
7709684371897,,NoneNone,,
7709690590626,,NoneNone,,
7709691681859,,NoneNone,,
7709692425759,,NoneNone,,
7709692425773,,NoneNone,,
7709692425780,,NoneNone,,
7709692425797,,NoneNone,,
7709693020991,,NoneNone,,
7709693253764,,NoneNone,,
7709696714842,,NoneNone,,
7709698276508,,NoneNone,,
7709698276577,,NoneNone,,
7709700349008,,NoneNone,,
7709700349084,,NoneNone,,
7709700452517,,NoneNone,,
7709700452531,,NoneNone,,
7709700452579,,NoneNone,,
7709700712703,,NoneNone,,
7709700712727,,NoneNone,,
7709700712772,,NoneNone,,
7709700866161,,NoneNone,,
7709700866178,,NoneNone,,
7709704183241,,NoneNone,,
7709704183244,,NoneNone,,
7709706007834,,NoneNone,,
7709709517439,,NoneNone,,
7709712113154,,NoneNone,,
7709712113161,,NoneNone,,
7709712113192,,NoneNone,,
7709712508806,,NoneNone,,
7709717184272,,NoneNone,,
7709726598893,,NoneNone,,
7709728013103,,NoneNone,,
7709729353956,,NoneNone,,
7709735781408,,NoneNone,,
7709735781446,,NoneNone,,
7709735781484,,NoneNone,,
7709738089600,,NoneNone,,
7709738089617,,NoneNone,,
7709738089624,,NoneNone,,
7709738089648,,NoneNone,,
7709738089655,,NoneNone,,
7709738089662,,NoneNone,,
7709738089679,,NoneNone,,
7709738231573,,NoneNone,,
7709738231580,,NoneNone,,
7709740528777,,NoneNone,,
7709740990451,,NoneNone,,
7709740990482,,NoneNone,,
7709744620484,,NoneNone,,
7709744874009,,NoneNone,,
7709744874092,,NoneNone,,
7709745166776,,NoneNone,,
7709747379303,,NoneNone,,
7709747379365,,NoneNone,,
7709748732398,,NoneNone,,
7709753650403,,NoneNone,,
7709754011678,,NoneNone,,
7709757136248,,NoneNone,,
7709758637423,,NoneNone,,
7709758748280,,NoneNone,,
7709758929115,,NoneNone,,
7709758929139,,NoneNone,,
7709760418980,,NoneNone,,
7709769250406,,NoneNone,,
7709769250499,,NoneNone,,
7709769790803,,NoneNone,,
7709770648636,,NoneNone,,
7709772793303,,NoneNone,,
7709775887993,,NoneNone,,
7709779173115,,NoneNone,,
7709779173177,,NoneNone,,
7709782025500,,NoneNone,,
7709784526555,,NoneNone,,
7709784526562,,NoneNone,,
7709784688680,,NoneNone,,
7709786842790,,NoneNone,,
7709793456324,,NoneNone,,
7709793456331,,NoneNone,,
7709793456348,,NoneNone,,
7709793456355,,NoneNone,,
7709793456362,,NoneNone,,
7709793456379,,NoneNone,,
7709793456386,,NoneNone,,
7709795826613,,NoneNone,,
7709795826651,,NoneNone,,
7709795826658,,NoneNone,,
7709795826668,,NoneNone,,
7709797131432,,NoneNone,,
7709797131487,,NoneNone,,
7709799440754,,NoneNone,,
7709799440792,,NoneNone,,
7709802063826,,NoneNone,,
7709806312395,,NoneNone,,
7709806388710,MUNO PROBIOTICOS + VITAMINAS CAJA X 20 SOBRES ,45900,,https://olimpica.vtexassets.com/arquivos/ids/484873-800-auto?width=800&height=auto&aspect=true
7709806388734,MUNO PROBIOTICOS + VITAMINAS CAJA X 20 SOBRES ,45900,,https://olimpica.vtexassets.com/arquivos/ids/484873-800-auto?width=800&height=auto&aspect=true
7709806388765,MUNO PROBIOTICOS + VITAMINAS CAJA X 20 SOBRES ,45900,,https://olimpica.vtexassets.com/arquivos/ids/484873-800-auto?width=800&height=auto&aspect=true
7709808887211,,NoneNone,,
7709808887242,,NoneNone,,
7709808887280,,NoneNone,,
7709808887297,,NoneNone,,
7709809007939,,NoneNone,,
7709809007960,,NoneNone,,
7709812734969,,NoneNone,,
7709813800724,,NoneNone,,
7709813800755,,NoneNone,,
7709816286228,,NoneNone,,
7709816286242,,NoneNone,,
7709816286297,,NoneNone,,
7709816677088,,NoneNone,,
7709818550204,,NoneNone,,
7709821470711,,NoneNone,,
7709824063705,,NoneNone,,
7709824063743,,NoneNone,,
7709836686244,,NoneNone,,
7709839206128,,NoneNone,,
7709839206159,,NoneNone,,
7709841773373,,NoneNone,,
7709842829963,,NoneNone,,
7709844820807,,NoneNone,,
7709844820814,,NoneNone,,
7709844820821,,NoneNone,,
7709844820838,,NoneNone,,
7709844820845,,NoneNone,,
7709844820852,,NoneNone,,
7709844820869,,NoneNone,,
7709844820876,,NoneNone,,
7709844820883,,NoneNone,,
7709844820890,,NoneNone,,
7709845007399,,NoneNone,,
7709845302500,,NoneNone,,
7709845305006,,NoneNone,,
7709845307505,,NoneNone,,
7709845311007,,NoneNone,,
7709846726800,,NoneNone,,
7709847265902,,NoneNone,,
7709847265919,,NoneNone,,
7709847265926,,NoneNone,,
7709847265933,,NoneNone,,
7709847265940,,NoneNone,,
7709847265957,,NoneNone,,
7709847265971,,NoneNone,,
7709847265995,,NoneNone,,
7709850954749,,NoneNone,,
7709852577403,,NoneNone,,
7709852577427,,NoneNone,,
7709852577465,,NoneNone,,
7709852577489,,NoneNone,,
7709854667744,,NoneNone,,
7709857354115,,NoneNone,,
7709857739660,,NoneNone,,
7709857808854,,NoneNone,,
7709860070781,,NoneNone,,
7709865860899,,NoneNone,,
7709867188007,,NoneNone,,
7709867188076,,NoneNone,,
7709870584643,,NoneNone,,
7709870584674,,NoneNone,,
7709871100019,,NoneNone,,
7709871100026,,NoneNone,,
7709871100033,,NoneNone,,
7709871100040,,NoneNone,,
7709871100057,,NoneNone,,
7709871100064,,NoneNone,,
7709871100071,,NoneNone,,
7709871640751,,NoneNone,,
7709871641086,,NoneNone,,
7709878869018,,NoneNone,,
7709878869025,,NoneNone,,
7709878869063,,NoneNone,,
7709878869070,,NoneNone,,
7709879656198,,NoneNone,,
7709879885796,,NoneNone,,
7709880496301,,NoneNone,,
7709884228533,,NoneNone,,
7709889222079,,NoneNone,,
7709889831608,,NoneNone,,
7709891440867,,NoneNone,,
7709892776040,,NoneNone,,
7709892776071,,NoneNone,,
7709896947286,,NoneNone,,
7709900559207,,NoneNone,,
7709903502149,,NoneNone,,
7709904717009,,NoneNone,,
7709904717078,,NoneNone,,
7709920509640,,NoneNone,,
7709920509671,,NoneNone,,
7709923269268,,NoneNone,,
7709923269282,,NoneNone,,
7709928638458,,NoneNone,,
7709928638472,,NoneNone,,
7709933399849,,NoneNone,,
7709934104312,,NoneNone,,
7709934104350,,NoneNone,,
7709935083043,,NoneNone,,
7709935707215,,NoneNone,,
7709939329352,,NoneNone,,
7709940562491,,NoneNone,,
7709942809414,,NoneNone,,
7709942809445,,NoneNone,,
7709943679610,,NoneNone,,
7709944139908,,NoneNone,,
7709944139977,,NoneNone,,
7709944139991,,NoneNone,,
7709945064957,,NoneNone,,
7709945573350,,NoneNone,,
7709946806464,,NoneNone,,
7709947202012,,NoneNone,,
7709947258453,,NoneNone,,
7709947258491,,NoneNone,,
7709947592281,,NoneNone,,
7709948228325,,NoneNone,,
7709953279343,,NoneNone,,
7709953279350,,NoneNone,,
7709953279398,,NoneNone,,
7709954634684,,NoneNone,,
7709954634691,,NoneNone,,
7709954901854,,NoneNone,,
7709954901892,,NoneNone,,
7709955955450,,NoneNone,,
7709958277900,,NoneNone,,
7709958277924,,NoneNone,,
7709958277979,,NoneNone,,
7709958277986,,NoneNone,,
7709960315980,,NoneNone,,
7709960476902,,NoneNone,,
7709968621021,,NoneNone,,
7709968621045,,NoneNone,,
7709968621052,,NoneNone,,
7709969059632,,NoneNone,,
7709969059649,,NoneNone,,
7709969595666,,NoneNone,,
7709971451936,,NoneNone,,
7709975230544,,NoneNone,,
7709977445311,,NoneNone,,
7709979856955,,NoneNone,,
7709979856986,,NoneNone,,
7709979856993,,NoneNone,,
7709986647812,,NoneNone,,
7709986647867,,NoneNone,,
7709989059629,,NoneNone,,
7709990002249,,NoneNone,,
7709990002263,,NoneNone,,
7709990002287,,NoneNone,,
7709990015072,,NoneNone,,
7709990025514,,NoneNone,,
7709990025590,,NoneNone,,
7709990034813,,NoneNone,,
7709990041910,,NoneNone,,
7709990051537,,NoneNone,,
7709990051575,,NoneNone,,
7709990053418,,NoneNone,,
7709990053425,,NoneNone,,
7709990053432,,NoneNone,,
7709990053456,,NoneNone,,
7709990053463,,NoneNone,,
7709990053470,,NoneNone,,
7709990062670,,NoneNone,,
7709990062694,,NoneNone,,
7709990063059,,NoneNone,,
7709990063097,,NoneNone,,
7709990069600,,NoneNone,,
7709990070736,,NoneNone,,
7709990074567,,NoneNone,,
7709990074598,,NoneNone,,
7709990078107,,NoneNone,,
7709990078152,,NoneNone,,
7709990078169,,NoneNone,,
7709990078176,,NoneNone,,
7709990078190,,NoneNone,,
7709990078343,,NoneNone,,
7709990085242,,NoneNone,,
7709990085259,,NoneNone,,
7709990085822,,NoneNone,,
7709990085853,,NoneNone,,
7709990085860,,NoneNone,,
7709990085884,,NoneNone,,
7709990086034,,NoneNone,,
7709990088533,,NoneNone,,
7709990099867,,NoneNone,,
7709990100365,,NoneNone,,
7709990108798,,NoneNone,,
7709990110036,,NoneNone,,
7709990110050,,NoneNone,,
7709990113419,,NoneNone,,
7709990113433,,NoneNone,,
7709990113440,,NoneNone,,
7709990113457,,NoneNone,,
7709990113471,,NoneNone,,
7709990113488,,NoneNone,,
7709990113846,,NoneNone,,
7709990123203,,NoneNone,,
7709990123234,,NoneNone,,
7709990123265,,NoneNone,,
7709990134841,,NoneNone,,
7709990134858,,NoneNone,,
7709990134902,,NoneNone,,
7709990134926,,NoneNone,,
7709990135008,,NoneNone,,
7709990135060,,NoneNone,,
7709990135121,,NoneNone,,
7709990135145,,NoneNone,,
7709990135152,,NoneNone,,
7709990135244,,NoneNone,,
7709990139020,,NoneNone,,
7709990141627,,NoneNone,,
7709990141634,,NoneNone,,
7709990146202,,NoneNone,,
7709990146219,,NoneNone,,
7709990146240,,NoneNone,,
7709990146295,,NoneNone,,
7709990150537,,NoneNone,,
7709990150568,,NoneNone,,
7709990152555,,NoneNone,,
7709990155426,,NoneNone,,
7709990163612,,NoneNone,,
7709990167726,,NoneNone,,
7709990170214,,NoneNone,,
7709990170269,,NoneNone,,
7709990170276,,NoneNone,,
7709990171075,,NoneNone,,
7709990172324,,NoneNone,,
7709990174861,,NoneNone,,
7709990175844,,NoneNone,,
7709990175875,,NoneNone,,
7709990177404,,NoneNone,,
7709990177442,,NoneNone,,
7709990177459,,NoneNone,,
7709990177657,,NoneNone,,
7709990189490,,NoneNone,,
7709990201109,,NoneNone,,
7709990203561,,NoneNone,,
7709990220687,,NoneNone,,
7709990225921,,NoneNone,,
7709990233681,,NoneNone,,
7709990235319,,NoneNone,,
7709990238006,,NoneNone,,
7709990238075,,NoneNone,,
7709990238099,,NoneNone,,
7709990238693,,NoneNone,,
7709990242706,,NoneNone,,
7709990242713,,NoneNone,,
7709990242850,,NoneNone,,
7709990249729,,NoneNone,,
7709990251975,,NoneNone,,
7709990255003,,NoneNone,,
7709990255010,,NoneNone,,
7709990255386,,NoneNone,,
7709990256482,,NoneNone,,
7709990263213,,NoneNone,,
7709990266801,,NoneNone,,
7709990266863,,NoneNone,,
7709990274929,,NoneNone,,
7709990274967,,NoneNone,,
7709990274974,,NoneNone,,
7709990278064,,NoneNone,,
7709990278248,,NoneNone,,
7709990278521,,NoneNone,,
7709990278590,,NoneNone,,
7709990280654,,NoneNone,,
7709990280678,,NoneNone,,
7709990285468,,NoneNone,,
7709990296075,,NoneNone,,
7709990300444,,NoneNone,,
7709990307016,,NoneNone,,
7709990307030,,NoneNone,,
7709990307047,,NoneNone,,
7709990313345,,NoneNone,,
7709990315431,,NoneNone,,
7709990320589,,NoneNone,,
7709990324730,,NoneNone,,
7709990329919,,NoneNone,,
7709990336108,,NoneNone,,
7709990336153,,NoneNone,,
7709990336160,,NoneNone,,
7709990336191,,NoneNone,,
7709990342659,,NoneNone,,
7709990343168,,NoneNone,,
7709990345094,,NoneNone,,
7709990349863,,NoneNone,,
7709990361650,,NoneNone,,
7709990362534,,NoneNone,,
7709990362572,,NoneNone,,
7709990362589,,NoneNone,,
7709990362817,,NoneNone,,
7709990362831,,NoneNone,,
7709990362879,,NoneNone,,
7709990362893,,NoneNone,,
7709990371536,,NoneNone,,
7709990372175,,NoneNone,,
7709990373714,,NoneNone,,
7709990375121,,NoneNone,,
7709990389074,PONQUE CANDIES 750g ,28600,,https://olimpica.vtexassets.com/arquivos/ids/495228-800-auto?width=800&height=auto&aspect=true
7709990395006,,NoneNone,,
7709990409208,,NoneNone,,
7709990409239,,NoneNone,,
7709990409260,,NoneNone,,
7709990409284,,NoneNone,,
7709990414547,,NoneNone,,
7709990418897,,NoneNone,,
7709990433784,,NoneNone,,
7709990435726,,NoneNone,,
7709990440348,,NoneNone,,
7709990449532,,NoneNone,,
7709990454574,,NoneNone,,
7709990454758,,NoneNone,,
7709990454765,,NoneNone,,
7709990459548,,NoneNone,,
7709990460445,,NoneNone,,
7709990460452,,NoneNone,,
7709990460483,,NoneNone,,
7709990460490,,NoneNone,,
7709990466102,,NoneNone,,
7709990466140,,NoneNone,,
7709990466706,,NoneNone,,
7709990466713,,NoneNone,,
7709990466737,,NoneNone,,
7709990466751,,NoneNone,,
7709990466799,,NoneNone,,
7709990470307,,NoneNone,,
7709990472813,,NoneNone,,
7709990480344,,NoneNone,,
7709990480351,,NoneNone,,
7709990480399,,NoneNone,,
7709990483499,,NoneNone,,
7709990486100,,NoneNone,,
7709990486117,,NoneNone,,
7709990486162,,NoneNone,,
7709990486186,,NoneNone,,
7709990486322,,NoneNone,,
7709990486339,,NoneNone,,
7709990489767,,NoneNone,,
7709990496628,,NoneNone,,
7709990496666,,NoneNone,,
7709990499865,,NoneNone,,
7709990500233,,NoneNone,,
7709990500240,,NoneNone,,
7709990502770,,NoneNone,,
7709990505511,,NoneNone,,
7709990520842,,NoneNone,,
7709990534634,,NoneNone,,
7709990534672,,NoneNone,,
7709990543117,,NoneNone,,
7709990546675,,NoneNone,,
7709990550290,,NoneNone,,
7709990551129,,NoneNone,,
7709990557718,,NoneNone,,
7709990557749,,NoneNone,,
7709990557756,,NoneNone,,
7709990557763,,NoneNone,,
7709990557770,,NoneNone,,
7709990557794,,NoneNone,,
7709990558104,,NoneNone,,
7709990562422,,NoneNone,,
7709990562453,,NoneNone,,
7709990562477,,NoneNone,,
7709990562835,,NoneNone,,
7709990565195,,NoneNone,,
7709990568332,,NoneNone,,
7709990568349,,NoneNone,,
7709990568363,,NoneNone,,
7709990568387,,NoneNone,,
7709990572698,,NoneNone,,
7709990574357,,NoneNone,,
7709990580990,,NoneNone,,
7709990581898,,NoneNone,,
7709990584073,,NoneNone,,
7709990584080,,NoneNone,,
7709990584905,,NoneNone,,
7709990584929,,NoneNone,,
7709990584950,,NoneNone,,
7709990594324,,NoneNone,,
7709990594393,,NoneNone,,
7709990598315,,NoneNone,,
7709990601923,,NoneNone,,
7709990602708,,NoneNone,,
7709990602739,,NoneNone,,
7709990602777,,NoneNone,,
7709990604047,,NoneNone,,
7709990609264,,NoneNone,,
7709990610970,,NoneNone,,
7709990615807,,NoneNone,,
7709990615838,,NoneNone,,
7709990617061,,NoneNone,,
7709990619171,,NoneNone,,
7709990624052,,NoneNone,,
7709990627060,,NoneNone,,
7709990641509,,NoneNone,,
7709990642322,,NoneNone,,
7709990648355,,NoneNone,,
7709990649192,,NoneNone,,
7709990653489,,NoneNone,,
7709990654950,,NoneNone,,
7709990658316,,NoneNone,,
7709990658323,,NoneNone,,
7709990658347,,NoneNone,,
7709990658378,,NoneNone,,
7709990661507,,NoneNone,,
7709990661514,,NoneNone,,
7709990682946,,NoneNone,,
7709990683844,,NoneNone,,
7709990688900,,NoneNone,,
7709990688931,,NoneNone,,
7709990688948,,NoneNone,,
7709990688993,,NoneNone,,
7709990691740,,NoneNone,,
7709990695335,,NoneNone,,
7709990695434,,NoneNone,,
7709990695458,,NoneNone,,
7709990703160,,NoneNone,,
7709990703191,,NoneNone,,
7709990704501,,NoneNone,,
7709990705171,,NoneNone,,
7709990705188,,NoneNone,,
7709990709919,,NoneNone,,
7709990709926,,NoneNone,,
7709990709933,,NoneNone,,
7709990709940,,NoneNone,,
7709990722215,,NoneNone,,
7709990722222,,NoneNone,,
7709990722246,,NoneNone,,
7709990722253,,NoneNone,,
7709990722260,,NoneNone,,
7709990722277,,NoneNone,,
7709990722284,,NoneNone,,
7709990729160,,NoneNone,,
7709990741056,,NoneNone,,
7709990743852,,NoneNone,,
7709990745306,,NoneNone,,
7709990747034,,NoneNone,,
7709990747041,,NoneNone,,
7709990747065,,NoneNone,,
7709990759419,,NoneNone,,
7709990759426,,NoneNone,,
7709990759464,,NoneNone,,
7709990759471,,NoneNone,,
7709990769074,,NoneNone,,
7709990769081,,NoneNone,,
7709990782424,,NoneNone,,
7709990782462,,NoneNone,,
7709990784039,,NoneNone,,
7709990784060,,NoneNone,,
7709990784084,,NoneNone,,
7709990784442,,NoneNone,,
7709990787955,,NoneNone,,
7709990793673,,NoneNone,,
7709990794922,,NoneNone,,
7709990794991,,NoneNone,,
7709990798531,,NoneNone,,
7709990798562,,NoneNone,,
7709990798586,,NoneNone,,
7709990798593,,NoneNone,,
7709990798890,,NoneNone,,
7709990806335,,NoneNone,,
7709990806380,,NoneNone,,
7709990818659,,NoneNone,,
7709990818680,,NoneNone,,
7709990825923,,NoneNone,,
7709990828634,,NoneNone,,
7709990828696,,NoneNone,,
7709990828801,,NoneNone,,
7709990828856,,NoneNone,,
7709990828870,,NoneNone,,
7709990843798,,NoneNone,,
7709990847512,,NoneNone,,
7709990847536,,NoneNone,,
7709990847567,,NoneNone,,
7709990847598,,NoneNone,,
7709990848175,,NoneNone,,
7709990848182,,NoneNone,,
7709990862133,,NoneNone,,
7709990868531,,NoneNone,,
7709990868647,,NoneNone,,
7709990871371,,NoneNone,,
7709990873528,,NoneNone,,
7709990873542,,NoneNone,,
7709990874488,,NoneNone,,
7709990881912,,NoneNone,,
7709990884128,,NoneNone,,
7709990884135,,NoneNone,,
7709990888003,,NoneNone,,
7709990888263,,NoneNone,,
7709990896725,,NoneNone,,
7709990896794,,NoneNone,,
7709990899214,,NoneNone,,
7709990899290,,NoneNone,,
7709990907681,,NoneNone,,
7709990922691,,NoneNone,,
7709990924336,,NoneNone,,
7709990928075,,NoneNone,,
7709990928938,,NoneNone,,
7709990928969,,NoneNone,,
7709990929010,,NoneNone,,
7709990929072,,NoneNone,,
7709990931716,,NoneNone,,
7709990931723,,NoneNone,,
7709990931754,,NoneNone,,
7709990932812,,NoneNone,,
7709990933420,,NoneNone,,
7709990933512,,NoneNone,,
7709990935189,,NoneNone,,
7709990935233,,NoneNone,,
7709990936537,,NoneNone,,
7709990936575,,NoneNone,,
7709990936599,,NoneNone,,
7709990938210,,NoneNone,,
7709990938227,,NoneNone,,
7709990938234,,NoneNone,,
7709990938258,,NoneNone,,
7709990938289,,NoneNone,,
7709990940510,,NoneNone,,
7709990940527,,NoneNone,,
7709990945416,,NoneNone,,
7709990945423,,NoneNone,,
7709990945430,,NoneNone,,
7709990945454,,NoneNone,,
7709990945461,,NoneNone,,
7709990947458,,NoneNone,,
7709990947588,,NoneNone,,
7709990951585,,NoneNone,,
7709990953947,,NoneNone,,
7709990957952,,NoneNone,,
7709990959499,,NoneNone,,
7709990961911,,NoneNone,,
7709990961966,,NoneNone,,
7709990961973,,NoneNone,,
7709990961980,,NoneNone,,
7709990961997,,NoneNone,,
7709990962321,,NoneNone,,
7709990963649,,NoneNone,,
7709990963670,,NoneNone,,
7709990966923,,NoneNone,,
7709990966954,,NoneNone,,
7709990968514,,NoneNone,,
7709990969962,,NoneNone,,
7709990969993,,NoneNone,,
7709990970388,,NoneNone,,
7709990970395,,NoneNone,,
7709990971750,,NoneNone,,
7709990972078,,NoneNone,,
7709990972818,,NoneNone,,
7709990972832,,NoneNone,,
7709990974706,,NoneNone,,
7709990974720,,NoneNone,,
7709990974737,,NoneNone,,
7709990974744,,NoneNone,,
7709990990812,,NoneNone,,
7709990993226,,NoneNone,,
7709990995329,,NoneNone,,
7709991218175,,NoneNone,,
7709995001346,,NoneNone,,
7709995001384,,NoneNone,,
7709995002664,,NoneNone,,
7709995003005,,NoneNone,,
7709995003012,,NoneNone,,
7709995003029,,NoneNone,,
7709995003036,,NoneNone,,
7709995004002,,NoneNone,,
7709996734632,,NoneNone,,
7730963251012,,NoneNone,,
7730969303029,,NoneNone,,
7733926365009,,NoneNone,,
7750168214292,,NoneNone,,
7750205001489,,NoneNone,,
7750243002356,,NoneNone,,
7750243016131,,NoneNone,,
7750243016988,,NoneNone,,
7750243016995,,NoneNone,,
7750243017145,,NoneNone,,
7750243017152,,NoneNone,,
7750243017169,,NoneNone,,
7750261001638,,NoneNone,,
7750261001652,,NoneNone,,
7750308000297,,NoneNone,,
7750308001409,,NoneNone,,
7750308002352,,NoneNone,,
7750308002376,,NoneNone,,
7750308002383,,NoneNone,,
7750308007876,,NoneNone,,
7750308007890,,NoneNone,,
7750308007906,,NoneNone,,
7750308277125,,NoneNone,,
7750670003766,,NoneNone,,
7750670005494,,NoneNone,,
7750670005708,,NoneNone,,
7750670006217,,NoneNone,,
7751014000014,,NoneNone,,
7751014119945,,NoneNone,,
7751271018500,,NoneNone,,
7751493006439,,NoneNone,,
7751493006446,,NoneNone,,
7751851006002,,NoneNone,,
7751851006026,,NoneNone,,
7751851006064,,NoneNone,,
7751851006644,,NoneNone,,
7751851007399,,NoneNone,,
7751851008884,,NoneNone,,
7751851008921,,NoneNone,,
7751851008938,,NoneNone,,
7752152000010,,NoneNone,,
7752748000516,,NoneNone,,
7752748003630,,NoneNone,,
7753442000406,,NoneNone,,
7753442351072,,NoneNone,,
7753442660082,,NoneNone,,
7754487000307,,NoneNone,,
7754487000314,,NoneNone,,
7754487000321,,NoneNone,,
7754487000499,,NoneNone,,
7754487000826,,NoneNone,,
7754487001069,,NoneNone,,
7755267002511,,NoneNone,,
7756866633625,,NoneNone,,
7757174006620,,NoneNone,,
7759185002448,,NoneNone,,
7759185002462,,NoneNone,,
7773103000767,,NoneNone,,
7790240026412,,NoneNone,,
7790240091304,,NoneNone,,
7790250096085,,NoneNone,,
7790250096108,,NoneNone,,
7790250096115,,NoneNone,,
7790520007315,,NoneNone,,
7790520030047,,NoneNone,,
7790520927460,,NoneNone,,
7790520972200,,NoneNone,,
7790520982100,,NoneNone,,
7790520988409,,NoneNone,,
7790520988416,,NoneNone,,
7790649000167,,NoneNone,,
7791200000541,,NoneNone,,
7791200009940,,NoneNone,,
7791293003375,,NoneNone,,
7791293005027,,NoneNone,,
7791293009156,,NoneNone,,
7791293016658,,NoneNone,,
7791293017396,,NoneNone,,
7791293017433,,NoneNone,,
7791293018980,,NoneNone,,
7791293018997,,NoneNone,,
7791293020297,,NoneNone,,
7791293020990,,NoneNone,,
7791293021003,,NoneNone,,
7791293022642,,NoneNone,,
7791293023175,,NoneNone,,
7791293023328,,NoneNone,,
7791293023335,,NoneNone,,
7791293025001,,NoneNone,,
7791293025544,,NoneNone,,
7791293990187,,NoneNone,,
7791293990705,,NoneNone,,
7791293990743,,NoneNone,,
7791293991054,,NoneNone,,
7791293995731,,NoneNone,,
7791540047596,,NoneNone,,
7791540122255,,NoneNone,,
7793253471606,,NoneNone,,
7793253471705,DESINFECTANTE CLOROX AEROSOL ORIGINAL 767 ML ,13000,,https://olimpica.vtexassets.com/arquivos/ids/484947-800-auto?width=800&height=auto&aspect=true
7793377001192,DESINFECTANTE CLOROX AEROSOL ORIGINAL 767 ML ,13000,,https://olimpica.vtexassets.com/arquivos/ids/484947-800-auto?width=800&height=auto&aspect=true
7793620922656,,NoneNone,,
7794640171697,,NoneNone,,
7795368055276,,NoneNone,,
7797453000468,,NoneNone,,
7797453000475,,NoneNone,,
7798039590724,,NoneNone,,
7801380002270,VINO BIVARIETAL CHARDON CHENIN 750 ML ,34950,,https://olimpica.vtexassets.com/arquivos/ids/495279-800-auto?width=800&height=auto&aspect=true
7801810119370,,NoneNone,,
7801810713066,,NoneNone,,
7802100000316,,NoneNone,,
7802100000347,,NoneNone,,
7802180088884,,NoneNone,,
7802225511513,,NoneNone,,
7802225511537,,NoneNone,,
7802830008026,,NoneNone,,
7802950004427,,NoneNone,,
7804300001803,,NoneNone,,
7804320185842,,NoneNone,,
7804320561585,,NoneNone,,
7804320646800,,NoneNone,,
7804320646893,,NoneNone,,
7804320746555,,NoneNone,,
7804320751306,,NoneNone,,
7804925193075,,NoneNone,,
